{
  "dataset_meta": {
    "dataset": "dummy",
    "note": "Synthetic dummy graph for pipeline smoke testing."
  },
  "result": {
    "device": "cpu",
    "synthetic_meta": {
      "generator": "degree_preserving_bootstrap",
      "seed": 7,
      "preserves": [
        "in_degree_sequence",
        "out_degree_sequence",
        "marginal_node_feature_dist",
        "marginal_edge_feature_dist"
      ]
    },
    "node": {
      "real_train_eval": {
        "train": {
          "roc_auc": 0.8103175493017403,
          "pr_auc": 0.04609515439773918,
          "f1": 0.0496551724137931
        },
        "val": {
          "roc_auc": 0.5181074111447472,
          "pr_auc": 0.01092946263886434,
          "f1": 0.01639344262295082
        },
        "test": {
          "roc_auc": 0.48648951676196883,
          "pr_auc": 0.011704365578766043,
          "f1": 0.02564102564102564
        }
      },
      "transfer_eval_on_real_test": {
        "roc_auc": 0.6933512725641888,
        "pr_auc": 0.045004156102998974,
        "f1": 0.03508771929824561
      },
      "drop_test": {
        "roc_auc_drop": -0.20686175580222,
        "pr_auc_drop": -0.03329979052423293,
        "f1_drop": -0.009446693657219972
      }
    },
    "edge": {
      "real_train_eval": {
        "train": {
          "roc_auc": 0.6133018815408595,
          "pr_auc": 0.003189896400640776,
          "f1": 0.004194362492446593
        },
        "val": {
          "roc_auc": 0.5066182364729459,
          "pr_auc": 0.006100793986986396,
          "f1": 0.0042653017701002344
        },
        "test": {
          "roc_auc": 0.5476678356713427,
          "pr_auc": 0.002384703274763714,
          "f1": 0.004065910549967901
        }
      },
      "synthetic_train_eval": {
        "train": {
          "roc_auc": 0.7140643759705696,
          "pr_auc": 0.0068317318467793365,
          "f1": 0.011416145691764067
        },
        "val": {
          "roc_auc": 0.5650704276681426,
          "pr_auc": 0.0028245570413980682,
          "f1": 0.005145797598627788
        },
        "test": {
          "roc_auc": 0.4721797044406786,
          "pr_auc": 0.0027873131244231667,
          "f1": 0.008298755186721992
        }
      },
      "transfer_eval_on_real_test": {
        "roc_auc": 0.6246417835671343,
        "pr_auc": 0.0028247340263334343,
        "f1": 0.0049833887043189366
      },
      "drop_test": {
        "roc_auc_drop": -0.0769739478957916,
        "pr_auc_drop": -0.0004400307515697202,
        "f1_drop": -0.0009174781543510356
      }
    },
    "similarity": {
      "degree": {
        "real": {
          "in_deg_mean": 10.0,
          "out_deg_mean": 10.0
        },
        "syn": {
          "in_deg_mean": 10.0,
          "out_deg_mean": 10.0
        },
        "in_deg_hist_l1": 0.0
      },
      "clustering_undirected": {
        "real": 0.004027781860900309,
        "syn": 0.0038633707973428693
      },
      "path_length": {
        "real": {
          "mean": 3.1287025405081015,
          "median": 3.0,
          "n_pairs": 9998000
        },
        "syn": {
          "mean": 3.128005201040208,
          "median": 3.0,
          "n_pairs": 9998000
        }
      },
      "node_feature_ks": {
        "ks_stat_mean": 0.011012500000000001,
        "ks_stat_max": 0.0158,
        "ks_pvalue_mean": 0.8695845203074487,
        "per_dim": {
          "ks_stat": [
            0.0098,
            0.009,
            0.0148,
            0.0084,
            0.0088,
            0.0094,
            0.0128,
            0.0158,
            0.015,
            0.008,
            0.0124,
            0.0078,
            0.0088,
            0.0144,
            0.009,
            0.012
          ],
          "ks_pvalue": [
            0.9700086086428356,
            0.9874258830999465,
            0.6440707891281565,
            0.9945325022916379,
            0.9902825317566453,
            0.9799982681374148,
            0.8073761670585852,
            0.5605413681859366,
            0.6272175062405767,
            0.9971978177256445,
            0.8367973787613723,
            0.998074821542227,
            0.9902825317566453,
            0.6777877521935483,
            0.9874258830999465,
            0.8643325152980597
          ]
        }
      },
      "edge_feature_ks": {
        "ks_stat_mean": 0.0045750000000000235,
        "ks_stat_max": 0.006260000000000043,
        "ks_pvalue_mean": 0.6525075418617371,
        "per_dim": {
          "ks_stat": [
            0.0030200000000000227,
            0.005559999999999954,
            0.0047400000000000775,
            0.0042200000000000015,
            0.005840000000000012,
            0.0040200000000000236,
            0.0029400000000000537,
            0.006260000000000043
          ],
          "ks_pvalue": [
            0.976033962340499,
            0.4206910224509216,
            0.6263068851623768,
            0.7631618593486247,
            0.3598849312328771,
            0.812340722703403,
            0.9816993227919981,
            0.2799416288631965
          ]
        }
      },
      "node_feature_corr": {
        "corr_fro_norm": 0.23079247407341227,
        "dims": 16
      },
      "edge_feature_corr": {
        "corr_fro_norm": 0.03302144506366032,
        "dims": 8
      },
      "label_rates": {
        "node_pos_rate_real": 0.008999999612569809,
        "node_pos_rate_syn": 0.009200000204145908,
        "edge_pos_rate_real": 0.0020000000949949026,
        "edge_pos_rate_syn": 0.002199999988079071
      }
    },
    "fraud_patterns": {
      "node_degree_by_label": {
        "real": {
          "sar_in_mean": 10.066666666666666,
          "sar_out_mean": 9.466666666666667,
          "clean_in_mean": 9.999394550958627,
          "clean_out_mean": 10.004843592330978,
          "sar_frac": 0.009
        },
        "syn": {
          "sar_in_mean": 10.58695652173913,
          "sar_out_mean": 9.826086956521738,
          "clean_in_mean": 9.99454985870004,
          "clean_out_mean": 10.001614856681469,
          "sar_frac": 0.0092
        }
      }
    }
  }
}